Link,Source,Published,Stock_Symbol,Stock_Change
https://finance.yahoo.com/news/rocket-lab-delivers-second-spacecraft-130000750.html,Business Wire,yesterday,RKLB,-13.08%
https://finance.yahoo.com/news/us-stocks-estimated-trading-below-100651410.html,Simply Wall St.,6 days ago,CWK,
https://finance.yahoo.com/news/mission-success-rocket-lab-latest-213000295.html,Business Wire,9 days ago,RKLB,-13.08%
https://finance.yahoo.com/m/7ea467fc-87dc-338f-8214-e2dd82822ede/ast-spacemobile-starlink.html,Investor's Business Daily,9 days ago,ASTS,-5.73%
https://finance.yahoo.com/news/rocket-lab-sets-launch-window-211500435.html,Business Wire,13 days ago,RKLB,-13.08%
https://finance.yahoo.com/news/investors-undervaluing-rocket-lab-usa-191326376.html,Simply Wall St.,14 days ago,RKLB,-13.08%
https://finance.yahoo.com/news/rocket-lab-usa-inc-rklb-175629379.html,Insider Monkey,16 days ago,RKLB,-13.08%
https://finance.yahoo.com/m/d66bf9e3-3b5b-3b3a-b01d-a6f8946e490f/rocket-lab-lands-chips-award-.html,Investor's Business Daily,23 days ago,MOBX,
https://finance.yahoo.com/video/anglo-american-sony-rocket-lab-153038197.html,Yahoo Finance Video,23 days ago,AGPPF,
https://finance.yahoo.com/news/rocket-lab-signs-23-9m-120000538.html,Business Wire,23 days ago,RKLB,-13.08%
https://finance.yahoo.com/news/rocket-lab-successfully-launches-two-063000200.html,Business Wire,23 days ago,RKLB,-13.08%
https://finance.yahoo.com/news/10-predictions-for-the-space-economy-in-2025-150052650.html,Yahoo Finance,25 days ago,T,
https://finance.yahoo.com/news/rocket-lab-price-target-raised-113702373.html,TipRanks,25 days ago,RKLB,-13.08%
https://finance.yahoo.com/news/rocket-lab-nasdaq-rklb-rally-215403139.html,TipRanks,29 days ago,RKLB,-13.08%
https://finance.yahoo.com/news/rocket-lab-director-sells-96-150738934.html,GuruFocus.com,29 days ago,RKLB,-13.08%
https://finance.yahoo.com/m/7fcb8e0b-7b5d-38ac-a69d-e3d376b359c7/spacex-rival-secures-key.html,Investor's Business Daily,last month,ASTS,-5.73%
https://finance.yahoo.com/m/0579dc3a-d21a-31ca-8376-990a7a62bfe5/spacex-rival-soars-on-price.html,Investor's Business Daily,last month,ASTS,-5.73%
https://finance.yahoo.com/news/earnings-heres-why-analysts-just-125946137.html,Simply Wall St.,last month,RKLB,-13.08%
https://finance.yahoo.com/video/rocket-lab-stock-over-30-205033834.html,Yahoo Finance Video,last month,RKLB,-13.08%
https://finance.yahoo.com/video/seven-rocket-lab-usa-directv-152314289.html,Yahoo Finance Video,last month,SVNDF,0.00%
https://finance.yahoo.com/news/rocket-lab-soars-40-stock-140251416.html,GuruFocus.com,last month,RKLB,-13.08%
https://finance.yahoo.com/news/rocket-lab-soars-24-stock-140251715.html,GuruFocus.com,last month,RKLB,-13.08%
https://finance.yahoo.com/news/rocket-lab-usa-inc-rklb-072340256.html,GuruFocus.com,last month,RKLB,-13.08%
https://finance.yahoo.com/m/0fc09914-ac1c-3fb4-a48d-b8a2b5b58be4/rocket-lab-shares-surge-as-it.html,The Wall Street Journal,last month,RKLB,-13.08%
https://finance.yahoo.com/news/rocket-lab-schedules-next-launch-212100646.html,Business Wire,last month,RKLB,-13.08%
https://finance.yahoo.com/news/rocket-lab-granted-air-force-211900988.html,Business Wire,last month,RKLB,-13.08%
https://finance.yahoo.com/news/rocket-lab-signs-multi-launch-211700664.html,Business Wire,last month,RKLB,-13.08%
https://finance.yahoo.com/news/rocket-lab-announces-third-quarter-211500844.html,Business Wire,last month,RKLB,-13.08%
https://finance.yahoo.com/news/3-us-stocks-estimated-trading-100643148.html,Simply Wall St.,last month,DLR,
https://finance.yahoo.com/news/rocket-lab-price-target-raised-114214292.html,TipRanks,last month,RKLB,-13.08%
https://finance.yahoo.com/news/rocket-lab-shares-climb-54th-150926467.html,GuruFocus.com,last month,RKLB,-13.08%
https://finance.yahoo.com/news/contract-space-less-ten-weeks-120800307.html,Business Wire,last month,RKLB,-13.08%
https://finance.yahoo.com/video/rocket-lab-ceo-peter-beck-140017847.html,Yahoo Finance Video,last month,RKLB,-13.08%
https://finance.yahoo.com/m/65e063cf-4b7c-399e-9a53-dc3c3bc350ec/risky-business-speculative.html,Investor's Business Daily,last month,OKLO,-3.77%
https://finance.yahoo.com/news/rocket-lab-adds-mission-2024-203000198.html,Business Wire,2 months ago,RKLB,-13.08%
https://finance.yahoo.com/m/d3432843-d182-3caf-8f84-8feb75aa9a06/spacex-rival-rockets-past-buy.html,Investor's Business Daily,2 months ago,RKLB,-13.08%
https://finance.yahoo.com/news/rocket-lab-awarded-nasa-contract-202032413.html,GuruFocus.com,2 months ago,RKLB,-13.08%
https://finance.yahoo.com/news/rocket-lab-usa-inc-rklb-220422222.html,GuruFocus.com,2 months ago,RKLB,-13.08%
https://finance.yahoo.com/news/rocket-lab-awarded-contract-nasa-120021563.html,TipRanks,2 months ago,RKLB,-13.08%
https://finance.yahoo.com/news/rocket-lab-selected-nasa-complete-120014884.html,TipRanks,2 months ago,RKLB,-13.08%
https://finance.yahoo.com/news/rocket-lab-announces-date-third-203000466.html,Business Wire,2 months ago,RKLB,-13.08%
https://finance.yahoo.com/news/rocket-lab-awarded-nasa-study-103000311.html,Business Wire,2 months ago,RKLB,-13.08%
https://finance.yahoo.com/news/rocket-lab-usa-inc-nasdaq-143454167.html,Simply Wall St.,2 months ago,RKLB,-13.08%
https://finance.yahoo.com/video/keybanc-lifts-rocket-labs-price-205807163.html,Yahoo Finance Video,2 months ago,RKLB,-13.08%
https://finance.yahoo.com/news/rocket-lab-completes-second-spacecraft-123000807.html,Business Wire,2 months ago,RKLB,-13.08%
https://finance.yahoo.com/news/rocket-lab-successfully-launches-53rd-011000971.html,Business Wire,2 months ago,RKLB,-13.08%
https://finance.yahoo.com/news/rocket-lab-appoints-chief-operations-110000408.html,Business Wire,3 months ago,RKLB,-13.08%
https://finance.yahoo.com/news/rocket-labs-meteoric-rise-why-140001580.html,GuruFocus.com,3 months ago,RKLB,-13.08%
https://finance.yahoo.com/news/rocket-lab-sets-launch-date-123000395.html,Business Wire,3 months ago,RKLB,-13.08%
https://finance.yahoo.com/news/former-lockheed-martin-chief-financial-203000497.html,Business Wire,3 months ago,RKLB,-13.08%
https://finance.yahoo.com/video/play-defense-space-now-playbook-205404511.html,Yahoo Finance Video,3 months ago,LMT,
https://finance.yahoo.com/news/rocket-lab-ceo-we-have-the-right-combination-to-break-spacexs-monopoly-194214038.html,Yahoo Finance,3 months ago,BA,
https://finance.yahoo.com/news/rocket-lab-rklb-shares-skyrocket-155612313.html,StockStory,4 months ago,RKLB,-13.08%
https://finance.yahoo.com/video/rocket-lab-nasa-lincoln-navigator-154019619.html,Yahoo Finance Video,4 months ago,RKLB,-13.08%
https://finance.yahoo.com/news/rocket-lab-ships-twin-satellites-123000667.html,Business Wire,4 months ago,RKLB,-13.08%
https://finance.yahoo.com/news/analysts-updating-rocket-lab-usa-123037383.html,Simply Wall St.,4 months ago,RKLB,-13.08%
https://finance.yahoo.com/news/rocket-lab-successfully-completes-latest-144000565.html,Business Wire,4 months ago,RKLB,-13.08%
https://finance.yahoo.com/news/rocket-lab-usa-second-quarter-142550792.html,Simply Wall St.,4 months ago,RKLB,-13.08%
https://finance.yahoo.com/video/rocket-lab-stock-soars-engine-150340284.html,Yahoo Finance Video,4 months ago,RKLB,-13.08%
https://finance.yahoo.com/news/rocket-lab-begins-installation-large-201700498.html,Business Wire,4 months ago,RKLB,-13.08%
https://finance.yahoo.com/news/rocket-lab-completes-successful-first-201600235.html,Business Wire,4 months ago,RKLB,-13.08%
https://finance.yahoo.com/news/rocket-lab-announces-second-quarter-201500206.html,Business Wire,4 months ago,RKLB,-13.08%
https://finance.yahoo.com/news/rocket-lab-schedules-next-electron-201500431.html,Business Wire,4 months ago,RKLB,-13.08%
https://finance.yahoo.com/news/rocket-lab-partners-ksat-streamline-201500890.html,Business Wire,4 months ago,RKLB,-13.08%
https://finance.yahoo.com/news/rocket-lab-successfully-completes-latest-184100139.html,Business Wire,4 months ago,RKLB,-13.08%
https://finance.yahoo.com/news/rocket-lab-completes-integration-testing-123000339.html,Business Wire,4 months ago,RKLB,-13.08%
https://finance.yahoo.com/news/rocket-lab-sets-launch-date-202000867.html,Business Wire,4 months ago,RKLB,-13.08%
https://finance.yahoo.com/news/rocket-lab-launch-010300184.html,Business Wire,4 months ago,RKLB,-13.08%
https://finance.yahoo.com/news/rocket-lab-usa-inc-nasdaq-114653352.html,Simply Wall St.,4 months ago,RKLB,-13.08%
https://finance.yahoo.com/news/rocket-lab-celebrates-chips-act-120000908.html,Business Wire,5 months ago,RKLB,-13.08%
https://finance.yahoo.com/news/rocket-lab-celebrate-chips-act-201000952.html,Business Wire,5 months ago,RKLB,-13.08%
https://finance.yahoo.com/news/rocket-lab-sets-launch-window-201500672.html,Business Wire,5 months ago,RKLB,-13.08%
https://finance.yahoo.com/news/rocket-lab-announces-date-second-203000577.html,Business Wire,5 months ago,RKLB,-13.08%
https://finance.yahoo.com/news/rocket-lab-electron-rocket-lands-233000149.html,Business Wire,5 months ago,RKLB,-13.08%
https://finance.yahoo.com/video/5-space-stocks-investors-watch-183956447.html,Yahoo Finance Video,5 months ago,PL,
https://finance.yahoo.com/news/rocket-lab-successfully-launches-50th-204800137.html,Business Wire,5 months ago,RKLB,-13.08%
https://finance.yahoo.com/news/rocket-lab-signs-record-deal-233200820.html,Business Wire,5 months ago,RKLB,-13.08%
https://finance.yahoo.com/news/rocket-lab-signs-preliminary-terms-092700110.html,Business Wire,6 months ago,RKLB,-13.08%
https://finance.yahoo.com/news/rocket-lab-sets-launch-date-100000804.html,Business Wire,6 months ago,RKLB,-13.08%
https://finance.yahoo.com/news/heres-why-rocket-lab-usa-104518844.html,Simply Wall St.,6 months ago,RKLB,-13.08%
https://finance.yahoo.com/news/rocket-lab-successfully-completes-second-052800170.html,Business Wire,6 months ago,RKLB,-13.08%
https://finance.yahoo.com/news/rocket-lab-sets-date-second-203000187.html,Business Wire,6 months ago,RKLB,-13.08%
https://finance.yahoo.com/news/rocket-lab-successfully-launches-first-123500206.html,Business Wire,6 months ago,RKLB,-13.08%
https://finance.yahoo.com/news/rocket-lab-usa-first-quarter-105551905.html,Simply Wall St.,7 months ago,RKLB,-13.08%
https://finance.yahoo.com/news/rocket-lab-usa-inc-nasdaq-152745233.html,Insider Monkey,7 months ago,RKLB,-13.08%
https://finance.yahoo.com/news/rocket-lab-usa-inc-rklb-110131953.html,GuruFocus.com,7 months ago,RKLB,-13.08%
https://finance.yahoo.com/news/rocket-lab-usa-inc-rklb-221303101.html,GuruFocus.com,7 months ago,RKLB,-13.08%
https://finance.yahoo.com/news/rocket-lab-completes-archimedes-engine-203700564.html,Business Wire,7 months ago,RKLB,-13.08%
https://finance.yahoo.com/news/rocket-lab-selects-subcontractors-support-203600331.html,Business Wire,7 months ago,RKLB,-13.08%
https://finance.yahoo.com/news/rocket-lab-announces-first-quarter-203500413.html,Business Wire,7 months ago,RKLB,-13.08%
https://finance.yahoo.com/news/rocket-lab-prepares-back-back-205300206.html,Business Wire,7 months ago,RKLB,-13.08%
https://finance.yahoo.com/news/firefly-ceo-sees-enough-demand-for-fully-commercial-lunar-missions-independent-of-nasa-100015179.html,Yahoo Finance,7 months ago,RKLB,-13.08%
https://finance.yahoo.com/news/rocket-lab-usa-inc-nasdaq-140303660.html,Simply Wall St.,7 months ago,RKLB,-13.08%
https://finance.yahoo.com/news/rocket-lab-successfully-deploys-satellites-011000435.html,Business Wire,7 months ago,RKLB,-13.08%
https://finance.yahoo.com/news/rocket-lab-announces-board-change-201000411.html,Business Wire,7 months ago,RKLB,-13.08%
https://finance.yahoo.com/news/rocket-lab-selected-space-systems-131000019.html,Business Wire,8 months ago,RKLB,-13.08%
https://finance.yahoo.com/news/rocket-lab-returns-previously-flown-123000495.html,Business Wire,8 months ago,RKLB,-13.08%
https://finance.yahoo.com/news/u-space-force-awards-rocket-223000170.html,Business Wire,8 months ago,RKLB,-13.08%
https://finance.yahoo.com/news/rocket-lab-announces-date-first-220000453.html,Business Wire,8 months ago,RKLB,-13.08%
https://finance.yahoo.com/news/rocket-lab-prepares-launch-mission-201500316.html,Business Wire,8 months ago,RKLB,-13.08%
https://finance.yahoo.com/news/rocket-lab-successfully-launches-fifth-092200189.html,Business Wire,8 months ago,RKLB,-13.08%
https://finance.yahoo.com/news/rocket-lab-successfully-launches-45th-171100106.html,Business Wire,9 months ago,RKLB,-13.08%
https://finance.yahoo.com/news/viasat-rocket-lab-partner-showcase-130700387.html,Business Wire,9 months ago,RKLB,-13.08%
https://finance.yahoo.com/video/rocket-lab-why-space-sector-180130298.html,Yahoo Finance Video,9 months ago,RKLB,-13.08%
https://finance.yahoo.com/news/rocket-lab-usa-inc-nasdaq-102814006.html,Simply Wall St.,9 months ago,RKLB,-13.08%
https://finance.yahoo.com/news/rocket-lab-usa-inc-rklb-213747433.html,GuruFocus.com,9 months ago,RKLB,-13.08%
https://finance.yahoo.com/news/rocket-lab-unveils-spacecraft-bus-210700972.html,Business Wire,9 months ago,RKLB,-13.08%
https://finance.yahoo.com/news/rocket-lab-announces-fourth-quarter-210500179.html,Business Wire,9 months ago,RKLB,-13.08%
https://finance.yahoo.com/news/rocket-lab-successfully-returns-spacecraft-225300522.html,Business Wire,9 months ago,RKLB,-13.08%
https://finance.yahoo.com/news/rocket-lab-launch-nro-mission-121000803.html,Business Wire,9 months ago,RKLB,-13.08%
https://finance.yahoo.com/news/rocket-lab-schedules-launch-date-211500225.html,Business Wire,9 months ago,RKLB,-13.08%
https://finance.yahoo.com/news/trinity-capital-inc-provides-120-210500099.html,PR Newswire,9 months ago,RKLB,-13.08%
https://finance.yahoo.com/news/rocket-lab-successfully-launches-mission-172400947.html,Business Wire,9 months ago,RKLB,-13.08%
https://finance.yahoo.com/news/rocket-lab-prepares-bring-space-211400154.html,Business Wire,9 months ago,RKLB,-13.08%
https://finance.yahoo.com/news/rocket-lab-sets-launch-window-211500502.html,Business Wire,10 months ago,RKLB,-13.08%
https://finance.yahoo.com/news/rocket-lab-announces-closing-upsized-120000320.html,Business Wire,10 months ago,RKLB,-13.08%
https://finance.yahoo.com/news/rocket-lab-announces-pricing-upsized-030800131.html,Business Wire,10 months ago,RKLB,-13.08%
https://finance.yahoo.com/video/investing-stars-space-economy-stocks-214157462.html,Yahoo Finance Video,10 months ago,RKLB,-13.08%
https://finance.yahoo.com/news/rocket-lab-announces-proposed-offering-212000293.html,Business Wire,10 months ago,RKLB,-13.08%
https://finance.yahoo.com/news/rocket-lab-announces-preliminary-fourth-120000233.html,Business Wire,10 months ago,RKLB,-13.08%
https://finance.yahoo.com/news/rocket-lab-successfully-launches-first-083700696.html,Business Wire,10 months ago,RKLB,-13.08%
https://finance.yahoo.com/news/rocket-lab-announces-date-fourth-210500753.html,Business Wire,10 months ago,RKLB,-13.08%
https://finance.yahoo.com/news/rocket-lab-present-upcoming-conferences-211500561.html,Business Wire,11 months ago,RKLB,-13.08%
https://finance.yahoo.com/news/rocket-lab-launch-space-situational-211000523.html,Business Wire,11 months ago,RKLB,-13.08%
https://finance.yahoo.com/news/rocket-lab-makes-defense-prime-210500344.html,Business Wire,11 months ago,RKLB,-13.08%
https://finance.yahoo.com/news/rocket-lab-host-discussion-government-213000416.html,Business Wire,11 months ago,RKLB,-13.08%
https://finance.yahoo.com/video/rocket-lab-coinbase-bristol-myers-204454310.html,Yahoo Finance Video,11 months ago,BMY,
https://finance.yahoo.com/video/rocket-lab-stock-soars-winning-150217274.html,Yahoo Finance Video,11 months ago,RKLB,-13.08%
